sec_code,market,sec_name
301536,0,星宸科技
688248,1,南网科技
688578,1,艾力斯
600863,1,华能蒙电
600126,1,杭钢股份
600032,1,浙江新能
601991,1,大唐发电
600985,1,淮北矿业
600578,1,京能电力
601001,1,晋控煤业
000539,0,粤电力Ａ
600021,1,上海电力
601699,1,潞安环能
600546,1,山煤国际
300001,0,特锐德
601016,1,节能风电
688065,1,凯赛生物
600352,1,浙江龙盛
600486,1,扬农化工
688617,1,惠泰医疗
300017,0,网宿科技
688347,1,华虹宏力
688702,1,盛科通信-U
688568,1,中科星图
688608,1,恒玄科技
000039,0,中集集团
601666,1,平煤股份
603129,1,春风动力
688122,1,西部超导
600131,1,国网信通
002603,0,以岭药业
000537,0,绿发电力
600483,1,福能股份
688266,1,泽璟制药-U
600871,1,石化油服
688297,1,中无人机
688331,1,荣昌生物
601808,1,中海油服
688188,1,柏楚电子
601179,1,中国西电
688349,1,三一重能
002410,0,广联达
600256,1,广汇能源
689009,1,九号公司-WD
002608,0,江苏国信
600562,1,国睿科技
601869,1,长飞光纤
301606,0,绿联科技
600995,1,南网储能
600737,1,中粮糖业
000729,0,燕京啤酒
002078,0,太阳纸业
600350,1,山东高速
000400,0,许继电气
600536,1,中国软件
002244,0,滨江集团
600801,1,华新建材
301498,0,乖宝宠物
300454,0,深信服
688187,1,时代电气
300759,0,康龙化成
600339,1,中油工程
600095,1,湘财股份
600968,1,海油发展
600583,1,海油工程
600348,1,华阳股份
003035,0,南网能源
600295,1,鄂尔多斯
601598,1,中国外运
002414,0,高德红外
600602,1,云赛智联
603606,1,东方电缆
300073,0,当升科技
688278,1,特宝生物
000893,0,亚钾国际
600535,1,天士力
688599,1,天合光能
688027,1,国盾量子
300677,0,英科医疗
001286,0,陕西能源
688475,1,萤石网络
300002,0,神州泰岳
603766,1,隆鑫通用
300496,0,中科创达
601615,1,明阳智能
603979,1,金诚信
688777,1,中控技术
000983,0,山西焦煤
300003,0,乐普医疗
000723,0,美锦能源
603589,1,口子窖
000830,0,鲁西化工
688375,1,国博电子
600595,1,中孚实业
603529,1,爱玛科技
601611,1,中国核建
603486,1,科沃斯
000027,0,深圳能源
688281,1,华秦科技
688235,1,百济神州
300857,0,协创数据
000591,0,太阳能
300142,0,沃森生物
603939,1,益丰药房
603000,1,人民网
000831,0,中国稀土
688469,1,芯联集成-U
603444,1,吉比特
002032,0,苏 泊 尔
300140,0,节能环境
601958,1,金钼股份
300339,0,润和软件
600754,1,锦江酒店
000703,0,恒逸石化
600377,1,宁沪高速
002065,0,东华软件
600970,1,中材国际
600098,1,广州发展
688169,1,石头科技
002517,0,恺英网络
688425,1,铁建重工
600873,1,梅花生物
002797,0,第一创业
000786,0,北新建材
000937,0,冀中能源
603338,1,浙江鼎力
600808,1,马钢股份
688213,1,思特威-W
000528,0,柳 工
601880,1,辽港股份
603225,1,新凤鸣
600642,1,申能股份
000623,0,吉林敖东
600316,1,洪都航空
300972,0,万辰集团
600157,1,永泰能源
688538,1,和辉光电-U
600521,1,华海药业
000738,0,航发控制
603699,1,纽威股份
600132,1,重庆啤酒
601139,1,深圳燃气
601865,1,福莱特
600161,1,天坛生物
601236,1,红塔证券
002252,0,上海莱士
600598,1,北大荒
600329,1,达仁堂
600582,1,天地科技
603816,1,顾家家居
002423,0,中粮资本
000709,0,河钢股份
000598,0,兴蓉环境
002601,0,龙佰集团
603298,1,杭叉集团
000959,0,首钢股份
688192,1,迪哲医药-U
000883,0,湖北能源
603345,1,安井食品
601928,1,凤凰传媒
600100,1,同方股份
002153,0,石基信息
601717,1,中创智领
002773,0,康弘药业
603565,1,中谷物流
688318,1,财富趋势
600390,1,五矿资本
300383,0,光环新网
002831,0,裕同科技
002152,0,广电运通
601567,1,三星电气
000932,0,华菱钢铁
600688,1,上海石化
002265,0,建设工业
600062,1,华润双鹤
300146,0,汤臣倍健
688114,1,华大智造
688180,1,君实生物-U
000987,0,越秀资本
600380,1,健康元
600038,1,中直股份
300458,0,全志科技
600816,1,建元信托
688615,1,合合信息
600008,1,首创环保
600566,1,济川药业
002262,0,恩华药业
603087,1,甘李药业
000898,0,鞍钢股份
600060,1,海信视像
600312,1,平高电气
600685,1,中船防务
601997,1,贵阳银行
000155,0,川能动力
601216,1,君正集团
601000,1,唐山港
603899,1,晨光股份
301301,0,川宁生物
000513,0,丽珠集团
600906,1,财达证券
600763,1,通策医疗
600967,1,内蒙一机
002945,0,华林证券
300627,0,华测导航
600299,1,安迪苏
000997,0,新 大 陆
300012,0,华测检测
000739,0,普洛药业
688708,1,佳驰科技
002299,0,圣农发展
000429,0,粤高速Ａ
002223,0,鱼跃医疗
688520,1,神州细胞
000683,0,博源化工
601696,1,中银证券
603858,1,步长制药
001386,0,马可波罗
000825,0,太钢不锈
601198,1,东兴证券
600398,1,海澜之家
603049,1,中策橡胶
601098,1,中南传媒
601156,1,东航物流
600704,1,物产中大
601577,1,XD长沙银
688819,1,天能股份
601298,1,青岛港
600988,1,赤峰黄金
002064,0,华峰化学
601799,1,星宇股份
600109,1,国金证券
002261,0,拓维信息
000921,0,海信家电
000951,0,中国重汽
600292,1,电投水电
600927,1,永安期货
300699,0,光威复材
601665,1,齐鲁银行
300676,0,华大基因
600517,1,国网英大
601966,1,玲珑轮胎
000800,0,一汽解放
000661,0,长春高新
688563,1,航材股份
600516,1,方大炭素
603786,1,科博达
601108,1,财通证券
002195,0,岩山科技
600901,1,江苏金租
000034,0,神州数码
300024,0,机器人
002444,0,巨星科技
601019,1,山东出版
603605,1,珀莱雅
603233,1,大参林
600435,1,北方导航
601608,1,中信重工
603077,1,和邦生物
600170,1,上海建工
601228,1,广州港
600663,1,陆家嘴
002926,0,华西证券
688363,1,华熙生物
601118,1,海南橡胶
000582,0,北部湾港
688629,1,华丰科技
601866,1,中远海发
300957,0,贝泰妮
600369,1,西南证券
002085,0,万丰奥威
002120,0,韵达股份
603658,1,安图生物
603092,1,德力佳
002673,0,西部证券
601099,1,太平洋
601990,1,南京证券
600765,1,中航重机
002670,0,国盛证券
600998,1,九州通
000088,0,盐 田 港
300474,0,景嘉微
002007,0,华兰生物
002312,0,川发龙蟒
002500,0,山西证券
600764,1,中国海防
002939,0,长城证券
000728,0,国元证券
002568,0,百润股份
601106,1,中国一重
000737,0,北方铜业
000423,0,东阿阿胶
000750,0,国海证券
600511,1,国药股份
002318,0,久立特材
600166,1,福田汽车
300144,0,宋城演艺
300724,0,捷佳伟创
000783,0,长江证券
002461,0,珠江啤酒
600298,1,安琪酵母
600332,1,白云山
300100,0,双林股份
600606,1,绿地控股
601128,1,常熟银行
002984,0,森麒麟
600885,1,宏发股份
601233,1,桐昆股份
301358,0,湖南裕能
688220,1,翱捷科技-U
601399,1,国机重装
600637,1,东方明珠
600004,1,白云机场
601555,1,东吴证券
600848,1,上海临港
603568,1,伟明环保
300888,0,稳健医疗
600820,1,隧道股份
002130,0,沃尔核材
000009,0,中国宝安
603885,1,吉祥航空
000785,0,居然智家
300487,0,蓝晓科技
600177,1,雅戈尔
600208,1,衢州发展
002157,0,正邦科技
002155,0,湖南黄金
688692,1,达梦数据
002340,0,格林美
002821,0,凯莱英
002624,0,完美世界
601162,1,天风证券
600655,1,豫园股份
601212,1,白银有色
300207,0,欣旺达
002966,0,苏州银行
300558,0,贝达药业
001221,0,悍高集团
688002,1,睿创微纳
603833,1,欧派家居
300058,0,蓝色光标
300919,0,中伟新材
600699,1,均胜电子
600977,1,中国电影
688411,1,海博思创
600282,1,南钢股份
600153,1,建发股份
688336,1,三生国健
000878,0,云南铜业
603596,1,伯特利
601155,1,新城控股
603737,1,三棵树
603179,1,新泉股份
002271,0,东方雨虹
000050,0,深天马Ａ
000629,0,钒钛股份
688561,1,奇安信-U
000415,0,渤海租赁
688709,1,成都华微
002583,0,海能达
002131,0,利欧股份
000060,0,中金岭南
002508,0,老板电器
002266,0,浙富控股
600862,1,中航高科
603308,1,应流股份
002683,0,广东宏大
603806,1,福斯特
600909,1,华安证券
300748,0,金力永磁
603659,1,璞泰来
002335,0,科华数据
002841,0,视源股份
688018,1,乐鑫科技
688295,1,中复神鹰
002025,0,航天电器
688361,1,中科飞测
000559,0,万向钱潮
002487,0,大金重工
300763,0,锦浪科技
002044,0,美年健康
002465,0,海格通信
000519,0,中兵红箭
603379,1,三美股份
688778,1,厦钨新能
600143,1,金发科技
688301,1,奕瑞科技
688343,1,云天励飞-U
600711,1,盛屯矿业
688099,1,晶晨股份
000887,0,中鼎股份
600363,1,联创光电
600563,1,法拉电子
300115,0,长盈精密
000960,0,锡业股份
600499,1,科达制造
300718,0,长盛轴承
600171,1,上海贝岭
603728,1,鸣志电器
000733,0,振华科技
603920,1,世运电路
300432,0,富临精工
688385,1,复旦微电
688676,1,金盘科技
688037,1,芯源微
000062,0,深圳华强
600884,1,杉杉股份
601112,1,振石股份
000967,0,盈峰环境
003022,0,联泓新科
002126,0,银轮股份
600497,1,驰宏锌锗
300953,0,震裕科技
000032,0,深桑达Ａ
603341,1,龙旗科技
002472,0,双环传动
688582,1,芯动联科
002812,0,恩捷股份
002756,0,永兴材料
300735,0,光弘科技
603119,1,浙江荣泰
600141,1,兴发集团
603160,1,汇顶科技
603156,1,养元饮品
300604,0,长川科技
300054,0,鼎龙股份
002429,0,兆驰股份
002430,0,杭氧股份
002738,0,中矿资源
001203,0,大中矿业
688200,1,华峰测控
001696,0,宗申动力
688166,1,博瑞医药
688313,1,仕佳光子
688052,1,纳芯微
002203,0,海亮股份
688772,1,珠海冠宇
300037,0,新宙邦
688120,1,华海清科
002402,0,和而泰
002850,0,科达利
002273,0,水晶光电
688019,1,安集科技
600392,1,盛和资源
003021,0,兆威机电
300390,0,天华新能
300223,0,北京君正
300373,0,扬杰科技
003031,0,中瓷电子
603175,1,超颖电子
688387,1,信科移动-U
603290,1,斯达半导
688322,1,奥比中光-W
600601,1,方正科技
688017,1,绿的谐波
300548,0,长芯博创
600498,1,烽火通信
688728,1,格科微
002432,0,九安医疗
300666,0,江丰电子
300136,0,信维通信
300623,0,捷捷微电
300757,0,罗博特科
000021,0,深科技
002056,0,横店东磁
688172,1,燕东微
605589,1,圣泉集团
002407,0,多氟多
002185,0,华天科技
002138,0,顺络电子
002008,0,大族激光
600105,1,永鼎股份
605358,1,立昂微
603256,1,宏和科技
603688,1,石英股份
002409,0,雅克科技
001309,0,德明利
002851,0,麦格米特
603650,1,彤程新材
600707,1,彩虹股份
600378,1,昊华科技
002281,0,光迅科技
001389,0,广合科技
600879,1,航天电子
002739,0,儒意电影
002436,0,兴森科技
300620,0,光库科技
300395,0,菲利华
688234,1,天岳先进
300567,0,精测电子
300679,0,电连技术
300346,0,南大光电
300475,0,香农芯创
300285,0,国瓷材料
300570,0,太辰光
301200,0,大族数控
300751,0,迈为股份
301377,0,鼎泰高科
301611,0,珂玛科技
688498,1,源杰科技
301526,0,国际复材
